fid;code_offic;nom_offici;arbo_prc;arbo_za;arbo_epza;arbo_zu;arbo_epzu;arbu_prc;arbu_za;arbu_epza;arbu_zu;arbu_epzu;herb_prc;herb_za;herb_epza;herb_zu;herb_epzu;tot_arbo;tot_arbu;tot_herb;prct_arbo;prct_arbu;prct_herb;tot_arboru_pub_za;tot_arboru_pub_zu;tot_arboru_pv_za;tot_arboru_pv_zu;tot_arboru_parcs;prct_arboru_pub_za;prct_arboru_pub_zu;prct_arboru_pv_za;prct_arboru_pv_zu;prct_arboru_parcs;s_veg_tot;prct_veg_tot;s_arboru;prct_arboru;prct_hors_tt;co2_pi_ok;es_25_ok;es25_ok;cos_avg_ok;txrboru_ok;co2_pi;es25_pi;pot_ss_oc_dp;pot_df;pot_df_plhg_cms;pot_ext;cos_avg;txarboru_avg
23;13012;Beaurecueil;0;0;0;2.66;0.21;0;0;0;1.41;0.05;0;0;0;2.39;0.19;2.66;1.41;2.39;25.82249122509556;13.68786188999426;23.20141128871368;0;0.26;0;3.81;0;0;6.39;0;93.61;0;6.46;62.66;4.07;39.48;37.2882355961965;2.45;2309;2309;0.2;39;2.4479998091198305;2309.180882290562;60;0;3;0;0.220625;38.7665625
43;13008;Aurons;0.02;0;0;5.15;0.95;0.02;0;0;3.53;0.28;0.01;0;0;2.15;0.26;5.17;3.55;2.16;23.319237797258456;16.01224258805948;9.742660278931966;0;1.23;0;7.45;0.04;0;14.11;0;85.44;0.46;10.88;49.05;8.72;39.31;50.925859335750104;2.36;2146;2146;0.3;30;2.356579928888889;2145.8670257777776;68;0;0;62;0.333622448979592;30.064285714285713
54;13115;Vernègues;0;0;0;20.67;1.6;0;0;0;12.62;0.65;0;0;0;19.1;0.95;20.67;12.62;19.1;19.675524852115267;12.012826494131332;18.181060700309704;0;2.25;0;31.04;0;0;6.76;0;93.24;0;52.39;49.84;33.29;31.67;50.130587953443694;2.45;2192;2192;0.2;27;2.4463974552429666;2191.7822506393863;115;0;0;0;0.21126466753585393;26.549791395045634
58;13009;La Barben;0.27;0;0;10.5;0.89;0.01;0;0;6.63;0.11;0.05;0;0;12.01;0.51;10.77;6.64;12.06;22.336112011884374;13.77082486155174;25.011468046734038;0;1;0;16.13;0.28;0;5.74;0;92.65;1.61;29.47;61.08;17.41;36.09;38.88159507982986;2.48;2313;2313;0.2;35;2.479395610804174;2313.2070423572745;112;0;0;45;0.17595588235294116;34.62665441176471
59;13206;Marseille 6e Arrondissement;1.44;0;0;17.55;5.7;0.35;0;0;6.74;0.96;0.49;0;0;12.3;2.97;18.99;7.09;12.79;9.508899578421246;3.550189468720729;6.404361538073077;0;6.66;0;17.63;1.79;0;25.54;0;67.6;6.86;38.87;19.44;26.08;13.04;80.53654941478494;1.22;1235;1235;2.2;9;1.2240919080532657;1234.9881121623334;956;1166;12;0;2.2026371719800504;8.8997614400347
48;13024;Charleval;0.79;0.02;0.01;12.7;1.47;0.1;0;0;10.46;0.59;0.18;0.01;0;10.45;0.58;13.51;10.56;10.64;15.518234880625565;12.12972319314626;12.22161503551858;0.01;2.06;0.01;21.1;0.89;0.04;8.56;0.04;87.66;3.7;34.71;39.85;24.07;27.64;60.1304268907096;2.21;1969;1969;0.5;19;2.213308042375951;1968.9508953277798;601;0;42;128;0.5295666305525462;18.757930660888405
72;13090;Saint-Antonin-sur-Bayon;0.08;0.03;0;0.22;0.02;0.02;0.01;0;0.09;0.01;0.01;0.09;0;0.14;0.01;0.33;0.12;0.24;20.562618688169547;7.4773158866071086;14.954631773214217;0;0.03;0.04;0.28;0.1;0;6.67;8.89;62.22;22.22;0.69;42.96;0.45;28.02;57.00543365200913;2.44;2099;2099;0.3;32;2.4415319512195124;2099.0110975609755;23;0;5;0;0.3416666666666666;31.503333333333334
41;13111;Vauvenargues;0.28;0.11;0;1.6;0.15;0.06;0.09;0;1.22;0.07;0.04;0.09;0;1.78;0.16;1.99;1.37;1.91;18.988833707182373;13.072714662733596;18.22546350789866;0;0.22;0.2;2.6;0.34;0;6.55;5.95;77.38;10.12;5.27;50.25;3.36;32.04;49.712988122185365;2.67;2237;2237;1.1;20;2.6660291211146836;2236.962;120;0;0;20;1.0679259259259257;20.014814814814816
12;13003;Alleins;0.2;0.34;0;18.01;1.1;0.18;0.12;0;12.89;0.55;0.19;1.49;0;13.93;0.72;18.55;13.19;15.61;18.407779776187105;13.088874137353526;15.490320339961222;0;1.65;0.46;29.25;0.38;0;5.2;1.45;92.16;1.2;47.35;46.96;31.74;31.48;53.01302574649816;2.37;2168;2168;0.4;23;2.3683173450650346;2168.2705068859987;611;72;25;15;0.43708677685950414;22.58959710743801
77;13201;Marseille 1er Arrondissement;0.18;0.38;0.01;9.6;4.72;0.04;0.39;0.01;2.23;0.53;0.37;0.28;0;7.56;3.59;10.16;2.66;8.21;5.715129455477196;1.496283892870998;4.6182296091995845;0.02;5.25;0.75;6.58;0.22;0.16;40.95;5.85;51.33;1.72;21.03;11.82;12.82;7.2;88.17035704245222;1.04;1082;1082;3;4;1.043661797670694;1081.8426377447092;467;1122;114;0;2.9982141863699563;3.875385257301809
26;13079;Puyloubier;0.4;0.6;0;16.11;1.04;0.07;0.23;0;10.23;0.28;0.16;1.98;0.03;9.45;0.25;17.11;10.53;11.59;23.304175248619647;14.342078630506421;15.785820638895483;0;1.32;0.83;25.02;0.47;0;4.78;3;90.52;1.7;39.23;53.39;27.64;37.62;46.56792548197845;2.79;2405;2405;0.6;30;2.7922087977099235;2405.0699382951652;333;0;5;35;0.5735154826958105;29.58344262295082
44;13095;Saint-Marc-Jaumegarde;0.43;0.85;0.09;37.1;1.46;0.06;0.22;0.01;12.07;0.46;0.14;0.37;0.03;22.63;0.58;38.38;12.35;23.14;40.84519742293077;13.143256596487621;24.626312359734705;0.1;1.92;0.97;47.25;0.49;0.2;3.78;1.91;93.14;0.97;73.87;78.56;50.73;53.95;21.385233620846908;2.42;2063;2063;0.2;49;2.4193725773195878;2063.387686597938;397;122;0;6;0.23817241379310342;49.049793103448266
105;13020;Cadolive;0.28;0.83;0.01;18.87;0.86;0.27;0.22;0;13.76;0.38;0.33;0.49;0;15.65;0.42;19.98;14.25;16.47;22.897107049426705;16.330519292008535;18.87464229750039;0.01;1.24;1.04;31.39;0.55;0.03;3.62;3.04;91.7;1.61;50.7;58.04;34.23;39.19;41.897731361064366;2.11;2021;2021;0.4;30;2.1067955106523173;2020.963854162091;463;42;8;0;0.37111859838274935;30.151199460916445
88;13101;Saint-Savournin;0.15;0.83;0.02;17.47;0.8;0.04;0.28;0.01;13.15;0.35;0.1;0.73;0.02;14.16;0.45;18.45;13.47;14.99;20.510223413849367;14.974130589948565;16.66386173298656;0.03;1.15;1.08;29.47;0.19;0.09;3.6;3.38;92.32;0.6;46.91;52.1;31.92;35.45;47.851784263215514;2.22;2116;2116;0.4;29;2.2181080466428997;2116.2946122994654;485;17;0;55;0.4229895561357704;28.550953002610974
33;13078;Port-Saint-Louis-du-Rhône;1.5;0.69;0.01;17.09;5.22;0.3;0.59;0.01;13.41;1.48;1.53;0.86;0.01;16.04;2.96;19.28;14.3;18.43;10.19413784498434;7.561004729423032;9.744707493934717;0.02;6.7;1.26;23.8;1.8;0.06;19.95;3.75;70.88;5.36;52.01;26.54;33.58;17.13;72.5001499316579;1.86;1663;1663;0.4;12;1.8600242887667888;1662.7940868131868;625;258;521;123;0.44977456647398834;12.106289017341041
95;13069;Pélissanne;1.22;0.77;0.05;54.64;6.66;0.17;0.78;0.04;45.88;2.28;0.59;1.24;0.06;37.83;2.17;56.63;46.83;39.66;18.694721537327446;15.459541048791175;13.092577364831476;0.09;8.94;1.46;91.58;1.39;0.09;8.64;1.41;88.52;1.34;143.12;47.22;103.46;34.13;52.753160049049896;2.06;1943;1943;0.4;30;2.0638420877458397;1943.4046996974282;2134;553;532;396;0.39629761136216923;29.753502259522264
57;13029;Cornillon-Confoux;0.36;0.98;0.03;8.36;0.68;0.1;0.71;0;4.85;0.32;0.01;1.81;0.01;7;0.35;9.7;5.66;8.82;23.640848147217394;13.794556753943349;21.496111408088396;0.03;1;1.66;12.21;0.46;0.2;6.51;10.81;79.49;2.99;24.18;58.89;15.36;37.41;41.06848369075086;2.45;2290;2290;0.4;25;2.4479280710280373;2289.891933457944;267;0;0;0;0.4391986062717769;25.180209059233448
49;13093;Saint-Estève-Janson;0.41;1.3;0.06;5.96;0.22;0.08;0.67;0.04;3.01;0.05;0.09;1.84;0.04;3.25;0.07;7.67;3.76;5.18;23.07508327012229;11.311905227595801;15.58395454227294;0.1;0.27;1.87;8.7;0.49;0.87;2.36;16.36;76.12;4.29;16.61;49.95;11.43;34.37;50.029056960008965;2.14;1927;1927;0.3;35;2.1387906408345754;1926.8483725782414;97;221;20;0;0.25294117647058817;35.03661764705882
13;13048;Jouques;1.28;1.6;0.15;16.21;1.13;0.21;0.49;0.03;9.18;0.35;0.24;2.71;0.1;12.15;0.47;19.09;9.88;15.1;22.11156130776756;11.443804385581117;17.490024921282878;0.18;1.48;1.91;23.91;1.49;0.62;5.11;6.59;82.53;5.14;44.07;51.02;28.97;33.54;48.95460938536844;2.59;2225;2225;0.8;23;2.592032156773385;2225.4187467243933;627;64;0;80;0.8088196721311472;22.735737704918037
61;13207;Marseille 7e Arrondissement;4.18;1.08;0.17;59.99;5.32;1.54;1.19;0.08;38.7;2.06;2.96;1.58;0.13;34.97;2.58;65.25;41.43;39.51;16.801405789487543;10.667927078290711;10.17354088494487;0.25;7.38;2.02;91.31;5.72;0.23;6.92;1.89;85.59;5.36;146.19;37.6;106.68;27.44;62.357126247276874;1.4;1335;1335;1.1;21;1.4025310761351295;1334.5953795896803;1089;567;86;0;1.0663817980022208;21.438470218275974
89;13037;La Fare-les-Oliviers;0.16;2.03;0.22;27.8;2.35;0.07;0.46;0.06;36.14;1.41;0.18;0.91;0.11;24.14;1.08;29.99;36.67;25.23;13.100252087476912;16.018214206328054;11.020985667457236;0.28;3.76;2.21;60.18;0.23;0.42;5.64;3.32;90.28;0.35;91.89;40.11;66.66;29.1;59.86054803873779;1.98;1944;1944;0.4;25;1.9819132519897005;1944.3645809925094;1728;514;13;181;0.37161623898889296;24.99693220988129
93;13035;Eyguières;0.47;1.67;0.22;60.7;5.68;0.12;0.98;0.12;40.85;1.33;0.36;1.09;0.19;43.69;1.65;62.84;41.95;45.14;22.051474966501075;14.72086847302228;15.84028612329501;0.34;7.01;2.31;94.54;0.59;0.32;6.69;2.2;90.22;0.56;149.93;52.59;104.79;36.75;47.38737043718163;2.15;1987;1987;0.4;28;2.151730304386143;1986.9952202562538;1538;1459;0;150;0.4434342560553634;27.609026816609013
42;13204;Marseille 4e Arrondissement;4.59;1.6;0.11;36.54;5.01;1.12;1.03;0.02;15.4;1.07;2.04;1.99;0.03;22.13;3.1;42.73;17.55;26.16;14.830033621093511;6.090968641474167;9.079187445069186;0.13;6.08;2.5;45.86;5.71;0.22;10.09;4.15;76.08;9.47;86.44;29.96;60.28;20.9;69.99981029236314;1.14;1151;1151;1.5;17;1.1431339865158765;1151.4833490430622;966;1615;62;0;1.5251923566878982;16.806580891719747
60;13016;La Bouilladisse;0.34;2.99;0.68;45.69;2.96;0.11;0.9;0.11;35.77;1.13;0.14;2.57;0.27;41.26;1.48;49.02;36.78;43.97;21.604858427101707;16.210254854116705;19.379143717659364;0.79;4.09;3.1;77.37;0.45;0.92;4.77;3.61;90.17;0.52;129.77;57.14;85.8;37.78;42.805743001122224;2.04;1935;1935;0.3;34;2.040442713140239;1934.7349099983637;1242;1522;143;490;0.2898057713651498;33.980238623751404
46;13059;Meyrargues;1.04;3.26;0.84;11.69;1.97;0.12;0.82;0.1;8.48;0.78;0.7;13.83;0.27;10.56;2.04;15.99;9.42;25.09;14.776203254158164;8.704930247290173;23.185424618313213;0.94;2.75;3.14;17.42;1.16;3.7;10.82;12.36;68.56;4.57;50.5;46.64;25.41;23.47;53.33344188023845;2.19;2042;2042;0.7;21;2.1858396406943883;2042.1750321625623;357;75;110;49;0.7041295546558705;21.13673414304993
104;13075;Plan-de-Cuques;2.94;1.98;0.16;48.48;4.79;1.29;1.68;0.09;44.45;2.53;2.06;2.99;0.03;28.47;1.8;53.4;47.42;33.52;17.62296060162092;15.649453028630417;11.062202984388266;0.25;7.32;3.41;85.61;4.23;0.25;7.26;3.38;84.91;4.2;134.34;44.29;100.82;33.24;55.6653833853604;1.69;1618;1618;0.3;32;1.6923241535211901;1618.0519783380523;1867;304;356;42;0.3174670619235838;32.44565546772066
25;13088;Le Rove;0.09;2.33;0.75;25.64;1.3;0.06;3.71;1.87;21.63;0.93;0.08;2.83;1.58;16.01;0.44;28.06;25.4;18.92;12.71326680281689;11.508088980454346;8.572167067330563;2.62;2.23;3.42;45.04;0.15;4.9;4.17;6.4;84.25;0.28;72.38;32.76;53.46;24.2;67.2064771493982;1.98;1885;1885;0.3;27;1.9826025367578635;1885.1692778708357;930;19;60;0;0.28853293413173636;26.988035928143724
52;13202;Marseille 2e Arrondissement;0.29;2.32;0.14;8.06;3.59;0.15;1.58;0.07;3.01;0.69;0.3;3.2;0.15;7.11;2.8;10.67;4.74;10.61;3.0564840727014064;1.3578007970576071;3.0392967208399178;0.21;4.28;3.69;6.79;0.44;1.36;27.77;23.95;44.06;2.86;26.02;7.44;15.41;4.41;92.54641840940107;1.08;1135;1135;3;3;1.0848652029277905;1135.334345798339;199;431;514;0;3.0043889955214342;2.6639411388355723
50;13118;Coudoux;0.15;2.27;0;14.55;1.21;0.15;1.68;0;18.39;0.86;0.15;3.43;0;12.12;0.64;16.97;20.22;15.7;13.61614088195224;16.22382844036973;12.597136820662943;0;2.07;3.95;30.87;0.3;0;5.57;10.62;83.01;0.81;52.89;42.41;37.19;29.82;57.562893857015084;2.02;1941;1941;0.3;28;2.022487714431804;1940.8135053048702;960;315;82;200;0.28046743295019155;28.443042145593857
62;83120;Saint-Zacharie;0.29;4.39;1.14;26.24;2.48;0.06;0.98;0.08;22.01;1.08;0.3;3.06;0.47;22.37;1.11;30.92;23.05;25.73;19.462308989801954;14.508610032824548;16.195511329482674;1.22;3.56;4.15;44.69;0.35;2.26;6.6;7.69;82.81;0.65;79.7;50.11;53.97;33.94;49.833569647890826;2.23;2008;2008;0.6;25;2.229491797239075;2008.3986253407193;1184;13;155;127;0.616467020470053;25.299833206974988
11;13098;Saint-Mitre-les-Remparts;0.89;2.89;0.34;28.14;2.25;0.21;1.81;0.16;20.63;1.1;0.14;1.91;0.3;11.82;0.65;31.92;22.65;13.87;15.581326056629058;11.05629809469449;6.770457155559054;0.5;3.35;4.2;45.42;1.1;0.92;6.14;7.7;83.23;2.02;68.44;33.38;54.57;26.61;66.5919186931174;2.01;1903;1903;0.4;23;2.0132224237600536;1903.2618483579088;1212;299;0;434;0.3905839057899901;23.46222767419039
90;13023;Ceyreste;0.78;4.32;0.94;49.74;3.74;0.16;1.44;0.51;38.05;1.84;0.04;2.21;0.28;28.7;1.44;54.84;39.65;30.95;23.66328261579028;17.10884674901686;13.354824889837877;1.45;5.58;4.31;82.21;0.94;1.53;5.91;4.56;87;0.99;125.44;54.05;94.49;40.72;45.873045745354986;2.28;2107;2107;0.4;36;2.2802406626816447;2107.4732237452336;1212;136;81;30;0.3682791817087847;35.76362214199757
53;13105;Sénas;0.16;3.16;0.22;20.16;2.59;0.01;1.5;0.06;18.86;0.65;0.06;4.58;0.18;24.57;1.25;23.48;20.37;29.21;11.523171415102965;9.996891044533534;14.335257113933459;0.28;3.24;4.38;35.78;0.17;0.64;7.39;9.99;81.6;0.39;73.06;35.84;43.85;21.51;64.14468042643004;2.15;1945;1945;0.4;20;2.1517784220599703;1944.747627419012;1211;13;205;275;0.41929383602633125;19.838025134649904
64;13074;Peyrolles-en-Provence;2.04;3.15;0.23;30.34;3.1;1.1;1.64;0.08;21.92;0.67;1.17;7.92;0.2;23.87;1.24;35.53;24.66;32.96;16.835654406936683;11.684977136928191;15.617876984312781;0.31;3.77;4.48;48.49;3.14;0.52;6.26;7.44;80.56;5.22;93.15;44.11;60.19;28.5;55.86149147182235;2.22;1981;1981;0.4;30;2.223308834998545;1981.3740510233777;846;34;137;90;0.43479553903345736;29.61642379182156
5;13114;Ventabren;0.29;4.39;0.61;43.91;2.23;0.15;0.78;0.05;26.18;0.65;0.05;4.39;0.29;33.49;1.24;48.59;27.11;37.93;25.450021442544223;14.199425423078281;19.866625093963826;0.66;2.88;4.51;67.21;0.44;0.87;3.8;5.96;88.78;0.58;113.63;59.47;75.7;39.62;40.48392804041367;2.07;2022;2022;0.3;38;2.0744132894850713;2022.1920711380355;1530;0;192;0;0.2971748878923767;37.565174887892375
94;13082;Rognes;2.65;4.57;0.06;12;1.15;0.3;0.66;0;7.81;0.34;0.06;2.17;0.03;9.13;0.35;19.22;8.77;11.36;22.64674646501492;10.333609078989639;13.38538188566959;0.06;1.49;5.17;18.32;2.95;0.21;5.32;18.47;65.45;10.54;39.35;46.34;27.99;32.96;53.63426257032585;2.33;2149;2149;0.7;21;2.3294574085594766;2149.1679176230828;621;23;238;12;0.7306307692307693;20.716338461538466
16;13203;Marseille 3e Arrondissement;2.48;3.93;0.42;17.08;4.54;0.78;1.93;0.08;7.92;1.36;1.5;3.21;0.18;13.85;3.82;23.49;10.63;18.56;9.240357851784141;4.181566792867835;7.301023487829444;0.5;5.9;5.36;19.1;3.26;1.47;17.29;15.71;55.98;9.55;52.68;20.7;34.12;13.41;79.2770518675186;0.88;968;968;1.7;9;0.8789259690966886;967.7590279982317;202;5217;423;0;1.6923608903020662;8.940528616852149
22;13119;Carnoux-en-Provence;1.71;3.66;0.16;40.95;3.28;0.74;2.17;0.06;34.16;1.35;0.97;3.86;0.06;24.45;1.04;46.32;37.07;29.28;18.628629523181754;14.908534033340839;11.775610372166707;0.22;4.63;5.61;70.48;2.45;0.26;5.55;6.73;84.52;2.94;112.67;45.26;83.39;33.49;54.687226071310704;1.73;1641;1641;0.2;38;1.7334738077769625;1640.9311571533383;1404;26;0;0;0.20465294117647065;37.66579411764706
15;13049;Lamanon;1.12;4.15;0.52;15.19;1.19;0.17;2.22;0.19;10.13;0.43;0.01;2.56;0.15;10.32;0.48;20.46;12.52;12.89;16.164045333736414;9.891194896304004;10.183506566562189;0.71;1.62;5.66;23.7;1.29;2.15;4.91;17.16;71.86;3.91;45.87;36.22;32.98;26.04;63.76125320339738;2.26;2139;2139;0.3;22;2.2591624285714285;2139.278936077482;467;0;0;26;0.3275415282392025;22.048604651162783
31;13110;Trets;0.6;3.81;0.41;42.38;2.54;0.45;2.42;0.09;36.08;0.87;1.12;11.49;0.45;69.24;1.79;46.79;38.95;81.85;12.638907119013693;10.521167606018025;22.10930856360912;0.5;3.41;5.73;75.05;1.05;0.58;3.98;6.68;87.53;1.22;167.59;45.23;85.74;23.14;54.73061671135916;2.33;2032;2032;0.5;23;2.3268547171207845;2031.7271249479577;1833;107;1050;156;0.5427031019202365;23.20579025110782
80;13070;La Penne-sur-Huveaune;0.99;5.95;2.02;29.69;1.83;0.33;2.84;0.91;23.6;0.99;0.73;6.38;1.69;21.03;0.73;36.63;26.77;28.14;19.30290155834892;14.10697992675404;14.828928469886392;2.93;2.82;5.86;50.47;1.32;4.62;4.45;9.24;79.61;2.08;91.54;48.18;63.4;33.37;51.76119004501065;1.52;1519;1519;0.3;36;1.5234683754575562;1519.4340845389577;1007;423;77;0;0.3123662551440329;35.916316872427984
39;13031;La Destrousse;0.03;4.23;0.58;23.04;1.54;0.01;2.35;0.12;16.86;0.49;0.02;5.7;0.25;18.1;0.7;27.3;19.22;23.82;18.582475500862593;13.082607294013885;16.21372038207132;0.7;2.03;5.88;37.87;0.04;1.5;4.36;12.64;81.41;0.09;70.34;47.83;46.52;31.63;52.121196823052195;2.11;1945;1945;0.3;32;2.1072356076848116;1945.089637198942;847;96;64;0;0.2832169312169311;32.34601058201057
51;13033;Ensuès-la-Redonne;2.16;8.08;4.22;42.24;3.18;0.62;4.84;2.64;27.1;1.42;0.56;6.59;2.89;24.97;1.18;52.48;32.56;32.12;17.928120021574923;11.123086659727125;10.972774677838919;6.86;4.6;6.06;64.74;2.78;8.07;5.41;7.13;76.13;3.27;117.16;39.98;85.04;29.02;59.97601864085903;2.48;2297;2297;0.3;29;2.483388752258764;2297.255747741236;1488;0;41;0;0.27865163368614815;28.607768062586285
82;13205;Marseille 5e Arrondissement;0.39;4.32;0.03;17.22;5.72;0.08;2;0.01;5.47;0.5;0.19;3.53;0.01;12.98;3.48;21.93;7.55;16.7;10.001546781306184;3.443304979428258;7.61631697436449;0.04;6.22;6.28;16.47;0.47;0.14;21.1;21.3;55.87;1.59;46.18;21.04;29.48;13.43;78.93883126490107;1.18;1197;1197;1.9;10;1.1847913108764656;1196.7547268251603;584;1801;216;0;1.9357856399583766;10.03311134235172
27;13046;Gréasque;3.9;6.12;0.77;50.18;5.2;0.52;1.49;0.17;26.75;1.65;0.67;3.26;0.42;35.62;2.64;60.2;28.76;39.55;27.026704613885116;12.911761207563718;17.75591640330824;0.94;6.85;6.67;70.08;4.42;1.06;7.7;7.5;78.78;4.97;128.51;57.64;88.96;39.9;42.30561777524293;1.99;1874;1874;0.3;33;1.9865515206651403;1873.9451119411976;1165;97;263;30;0.3203664223850766;33.28674883411058
3;13072;Peynier;5.7;4.93;0.32;57.71;4.53;0.31;2.32;0.16;24.37;1.26;0.14;6.93;0.22;48.82;2.21;68.34;27;55.89;26.22464335935801;10.360921432582181;21.447107365445113;0.48;5.79;6.77;76.29;6.01;0.5;6.07;7.1;80.02;6.3;151.23;57.98;95.34;36.55;41.967327842614694;2.26;2054;2054;0.5;29;2.2649110427768977;2053.656865043929;1681;14;304;0;0.4570885093167702;29.166071428571424
19;13032;Éguilles;0.5;4.33;0.29;87.22;4.63;0.09;3.62;0.23;51.72;1.64;0.18;5.79;0.35;64.76;1.95;92.05;55.43;70.73;25.281792832087824;15.224006264884608;19.42619453572593;0.52;6.27;7.43;132.67;0.59;0.35;4.25;5.04;89.96;0.4;218.21;59.89;147.48;40.48;40.06800636730164;2.08;2050;2050;0.4;36;2.081685394736842;2050.007952989269;2555;0;120;0;0.40951197053406957;36.417071823204424
24;13013;Belcodène;0.14;8;2.47;24.56;0.84;0.12;2.66;0.73;11.4;0.32;0.21;8.15;1.79;16.24;0.5;32.7;14.18;24.6;25.555696024167418;11.081950141366786;19.22538599983237;3.2;1.16;7.46;34.8;0.26;6.83;2.47;15.91;74.23;0.55;71.48;55.81;46.88;36.6;44.13696783463343;2.32;2170;2170;0.2;42;2.3152364929805613;2170.0805971922246;416;56;0;25;0.1743013100436681;42.121069868995626
81;13112;Velaux;3.85;4.74;0.55;41.29;3.88;0.8;3.89;0.15;46.85;2.03;2.25;5.23;0.39;41.23;2.56;49.88;51.54;48.71;14.715146872364896;15.20486507220703;14.369984044765316;0.7;5.91;7.93;82.23;4.65;0.69;5.83;7.82;81.08;4.58;150.13;44.26;101.42;29.9;55.710004010662765;1.98;1966;1966;0.3;31;1.9789046438437787;1965.6762816748821;2236;41;178;394;0.2996001583531274;31.459520981789414
28;13104;Sausset-les-Pins;1.83;10.13;4.14;38.08;3.76;0.64;4.27;2.05;31.73;1.9;0.65;6.36;3.4;17.86;1.05;50.04;36.64;24.87;16.418188541145458;12.021631257945034;8.159879077104067;6.19;5.66;8.21;64.15;2.47;7.14;6.53;9.47;74.01;2.85;111.55;36.56;86.68;28.41;63.400301123805434;2.05;1871;1871;0.3;28;2.051298164188352;1870.7882785625775;1486;49;168;0;0.2959160892994609;28.369980754426468
75;13021;Carry-le-Rouet;0.18;8.52;2.6;54.05;4.48;0.07;4.45;1.94;39.06;1.65;0.06;8.62;4.88;24.88;1.32;62.75;43.58;33.56;18.900616039206795;13.126515489858681;10.108441024315221;4.54;6.13;8.43;86.98;0.25;4.27;5.77;7.93;81.8;0.24;139.89;42.09;106.33;31.99;57.8644274466193;2.02;1849;1849;0.3;36;2.0213340471008863;1848.7885233949946;1491;0;23;82;0.26037526652452014;36.20490405117272
30;13092;Saint-Chamas;22.59;5.19;0.27;41.48;3.58;8.34;4.03;0.21;35.92;1.59;0.47;7.27;0.37;41.06;2.23;69.26;48.29;48.8;18.95392177357702;13.215201883425268;13.354770178321662;0.48;5.17;8.74;72.23;30.93;0.41;4.4;7.44;61.45;26.31;166.35;45.49;117.55;32.15;54.476106164676054;2.22;2067;2067;0.5;22;2.2196394671338813;2067.064696713388;1409;0;130;11;0.5273918367346945;22.369028571428565
34;13085;Roquefort-la-Bédoule;3.69;10.26;4.51;33.23;2.13;0.67;5.81;2.7;25.94;1.25;1.5;6.81;3.17;19.19;1.01;47.18;32.42;27.5;18.66142252452132;12.823300513882604;10.877259843669698;7.21;3.38;8.86;55.79;4.36;9.06;4.25;11.13;70.09;5.48;107.1;42.31;79.6;31.44;57.638017117926374;1.85;1776;1776;0.3;32;1.8500400123915737;1775.894815542574;1579;72;149;100;0.28064249363867655;31.558097964376614
29;13107;Simiane-Collongue;0.75;7.56;0.04;14.27;0.85;0.11;1.5;0.02;13.05;0.4;0.38;7.73;0.08;12.52;0.56;22.58;14.66;20.63;19.409909246150864;12.60182770365685;17.733677048188323;0.06;1.25;9;26.07;0.86;0.16;3.36;24.17;70.01;2.31;57.87;49.7;37.24;31.98;50.25458600200396;2;1892;1892;0.5;27;1.9958840310276849;1892.0464830719122;768;0;11;100;0.5122508038585208;26.833654876741694
98;13040;Fuveau;9.52;6.61;0.58;56.32;5.46;2.59;3.26;0.28;28.34;1.01;0.17;11.66;1.08;42.38;2.54;72.45;34.19;54.21;23.063695043273118;10.884026687777885;17.25718299925239;0.86;6.47;9.01;78.19;12.11;0.81;6.07;8.45;73.32;11.36;160.85;51.16;106.64;33.92;48.795095269696596;2.03;1981;1981;0.4;29;2.0349570663832255;1980.991523335588;1540;142;119;200;0.42599243856332697;28.870340264650263
7;13025;Châteauneuf-le-Rouge;1.45;8.74;0.56;36.33;1.92;0.29;1.9;0.09;16.14;0.58;0.99;5.1;0.21;26.2;1.12;46.52;18.33;32.29;31.0164442327877;12.221225769281995;21.528825973274177;0.65;2.5;9.99;49.97;1.74;1;3.86;15.4;77.05;2.68;97.14;64.71;64.85;43.2;35.233504024656135;2.38;2274;2274;0.2;43;2.3826267018006146;2273.985521299956;880;15;0;0;0.20022544283413846;42.70392914653785
9;13080;Le Puy-Sainte-Réparade;0.35;7.77;0.34;25.2;2.91;0.05;2.93;0.05;20.08;0.61;0.26;12.33;0.89;22.7;1.22;33.32;23.06;35.29;16.331145124893805;11.302407160265641;17.296702024534888;0.39;3.52;10.31;41.76;0.4;0.69;6.24;18.29;74.07;0.71;91.67;44.91;56.38;27.62;55.06974569030567;2.48;2239;2239;0.4;27;2.4774112805053115;2239.454845056943;822;426;55;46;0.3587354538401862;26.940667183863457
70;13043;Gignac-la-Nerthe;1.96;6.79;1.66;35.69;2.95;2.71;7.69;2.17;37.55;1.84;2.03;9.13;1.75;27.81;1.57;44.44;47.95;38.97;10.42700866004369;11.250564024507089;9.143576225965406;3.83;4.79;10.65;68.45;4.67;4.15;5.18;11.53;74.09;5.05;131.36;30.79;92.39;21.66;69.17885108948381;1.79;1614;1614;0.3;23;1.7873939799016016;1613.7035415052862;2162;106;85;480;0.2834857521537444;22.560109343936382
40;13053;Mallemort;0.53;7.77;0.29;32.96;3.07;0.17;3.65;0.11;29.32;1.67;0.24;7.27;0.28;40.11;2.25;41.26;33.14;47.62;14.835211859972484;11.91563066019118;17.121977430244538;0.4;4.74;11.02;57.54;0.7;0.54;6.37;14.81;77.34;0.94;122.02;43.85;74.4;26.74;56.12718004959181;2.28;2017;2017;0.4;24;2.2822541603441535;2016.8508841611263;703;71;227;210;0.41872289156626497;23.505701204819278
84;13109;Le Tholonet;2.51;9.79;1.04;17.16;1.04;0.2;2.38;0.09;7.48;0.18;1.77;9.86;0.68;13.95;0.43;29.46;10.06;25.58;28.118904289027835;9.602042673035301;24.415531965829324;1.13;1.22;11.04;23.42;2.71;2.86;3.09;27.94;59.26;6.86;65.1;62.09;39.52;37.69;37.863521072107545;2.31;2206;2206;0.4;33;2.3111780481223296;2206.462638183045;479;73;0;80;0.42649895178197056;33.218553459119505
17;13091;Saint-Cannat;0.39;9.79;0.95;18.59;2.72;0.07;3.13;0.16;14.69;0.55;0.25;9.6;0.39;15.54;0.9;28.77;17.89;25.39;17.746522301402745;11.035289675776683;15.661598930574062;1.11;3.27;11.81;30.01;0.46;2.38;7.01;25.31;64.32;0.99;72.05;44.42;46.66;28.76;55.55658909224651;2.16;2076;2076;0.5;24;2.1582806989018475;2075.939315740189;978;132;116;56;0.5278790087463555;23.533097667638486
35;13086;Roquevaire;0.59;12.21;4.17;41.28;2.6;0.09;4.63;0.61;30.32;0.78;0.36;10.59;1.52;28.37;1.07;54.08;35.04;39.32;22.317318064671525;14.460037444269421;16.226274894653926;4.78;3.38;12.06;68.22;0.68;5.36;3.79;13.53;76.55;0.76;128.44;52.94;89.12;36.74;46.996369596405124;1.96;1859;1859;0.5;34;1.9568079214679701;1858.716114029818;1188;448;217;25;0.5378859268443893;33.947867327960346
66;13084;La Roque-d'Anthéron;2.47;9.71;0.97;68.2;6.71;0.31;3.62;0.25;21.85;1.21;0.27;6.11;0.25;34.37;2.4;80.38;25.78;40.75;29.034374749506693;9.31209481266836;14.71946716897733;1.22;7.92;12.11;82.13;2.78;1.15;7.46;11.41;77.36;2.62;146.91;53.04;106.16;38.33;46.93406326884762;2.28;2005;2005;0.4;30;2.2757401532528165;2004.9875041104233;701;145;196;0;0.43318018664752345;29.63719310839914
68;13044;Grans;0.15;7.7;1.14;33.06;3.81;0.04;5.93;0.38;17.48;0.93;0.27;10.05;0.63;31.79;2.09;40.91;23.45;42.11;13.831120642025304;7.9281295295891825;14.236824498550128;1.52;4.74;12.11;45.8;0.19;2.36;7.36;18.82;71.16;0.3;106.47;35.97;64.36;21.75;64.00392532983538;2.12;2056;2056;0.5;26;2.1157325287242474;2055.969404318542;1046;493;42;220;0.47287481804949055;25.62955604075692
102;13062;Mimet;2.43;11.17;0.3;41.04;2.47;0.64;2.13;0.03;21.13;0.54;0.5;9.45;0.2;26.98;1.28;54.64;23.9;36.93;30.913408702053946;13.52178748131569;20.89370760188236;0.33;3.01;12.97;59.16;3.07;0.42;3.83;16.51;75.32;3.91;115.47;65.27;78.54;44.39;34.671096214748;2.13;2038;2038;0.2;41;2.1294377325267364;2037.7745909041805;939;0;60;51;0.2193973634651601;40.700442561205286
107;13030;Cuges-les-Pins;0.37;11.94;0.64;9.44;0.65;0.02;1.79;0.08;11.49;0.43;0.03;5.43;0.24;7.33;0.39;21.75;13.3;12.79;19.452535729431123;11.895113802364781;11.438985378364325;0.72;1.08;13.01;19.85;0.39;2.05;3.08;37.12;56.63;1.11;47.84;42.73;35.05;31.31;57.213365089839776;2.41;2163;2163;0.7;21;2.407216558776807;2162.7422335186657;643;837;21;0;0.6671309771309772;20.546787941787954
10;13106;Septèmes-les-Vallons;2.7;10.37;2.38;53.75;3.75;0.67;7.47;1.88;37.73;1.75;1.24;9.2;2.46;29.16;1.06;66.82;45.87;39.6;17.569164093512146;12.060723690053909;10.412135559758772;4.26;5.5;13.58;85.98;3.37;3.78;4.88;12.05;76.3;2.99;152.29;40;112.69;29.6;59.95797665667517;1.5;1481;1481;0.3;29;1.4968456128490633;1481.0011085189112;1968;60;314;350;0.3137377341659233;29.38674843889383
74;13051;Lançon-Provence;0.66;13.7;5.9;31.84;3.78;0.34;7.72;1.34;34.57;1.73;0.58;18.08;5.72;28.14;2.03;46.2;42.63;46.8;11.892094748666647;10.973160154451497;12.04653753761037;7.24;5.51;14.18;60.9;1;8.15;6.2;15.96;68.56;1.13;135.63;34.89;88.83;22.85;65.08820755927148;2.01;1977;1977;0.3;24;2.0140990591456736;1977.365617524644;1591;57;86;118;0.3434904214559386;24.48126436781608
87;13050;Lambesc;9.28;10.72;0.58;58.63;3.81;1.19;4.59;0.28;34;1.33;0.42;6.48;0.4;41.54;1.74;78.63;39.78;48.44;23.164134118485062;11.719054498707056;14.270261435831316;0.86;5.14;14.45;87.49;10.47;0.73;4.34;12.2;73.89;8.84;166.85;49.13;118.41;34.86;50.84654994697657;2.2;2065;2065;0.6;26;2.2031499881948364;2064.949387671303;1955;19;487;180;0.5533347193347196;26.06328482328482
101;13002;Allauch;1.16;9.88;0.41;151.64;8.97;0.45;5.87;0.28;119.87;4.62;0.54;6.46;0.35;90.62;3.94;162.68;126.19;97.62;22.270870389411545;17.275394236782905;13.364165032052835;0.69;13.59;15.06;257.92;1.61;0.24;4.7;5.21;89.29;0.56;386.49;52.85;288.87;39.5;47.08957034175271;1.88;1797;1797;0.3;36;1.8765677115724793;1796.677965273252;5542;64;151;350;0.30127532004537355;35.79173391670717
67;13022;Cassis;4.45;19.53;9.34;63.06;5.45;1.37;8.26;3.32;37.75;1.87;0.25;11.5;4.71;38.3;2.31;87.04;47.38;50.05;24.07764255196585;13.106602758641339;13.845197722034591;12.66;7.32;15.13;93.49;5.82;9.42;5.45;11.26;69.55;4.33;184.47;50.96;134.42;37.13;48.97055696735821;1.96;1794;1794;0.7;34;1.9568514127193286;1794.373102434288;1016;214;163;10;0.6506800870511428;33.57023394994559
91;13102;Saint-Victoret;2.14;11.54;1.95;30.17;2.15;0.47;6.46;0.61;24.21;1.01;1.61;7.93;0.92;21.18;1.34;43.85;31.14;30.72;13.917618322696956;9.883572054020142;9.750267613985187;2.56;3.16;15.44;51.22;2.61;3.41;4.21;20.59;68.3;3.48;105.71;33.52;74.99;23.78;66.44854200929771;1.51;1419;1419;0.3;24;1.5121807138108692;1418.5946323749376;1031;26;5;0;0.287625979843225;24.406013437849953
4;13113;Venelles;1.35;14.66;2.55;47.5;2.97;0.21;5.1;0.64;32.32;1.14;0.27;12.74;2.07;30.84;1.16;63.51;37.63;43.85;20.621683818253995;12.218453189748038;14.238085898762995;3.19;4.11;16.57;75.71;1.56;3.15;4.06;16.38;74.86;1.54;144.99;47.05;101.14;32.82;52.921777093234965;1.99;1936;1936;0.3;34;1.9929881983758702;1936.2571092807425;1748;0;218;735;0.339639819909955;34.393641820910446
21;13073;Peypin;0.36;12.4;0.22;41.95;2.17;0.07;5.3;0.03;27.89;0.87;0.28;10.2;0.08;27.75;1;54.71;33.26;38.23;22.150258173551286;13.465867059994805;15.478054651340992;0.25;3.04;17.45;66.8;0.43;0.28;3.46;19.84;75.93;0.49;126.2;51.04;87.97;35.58;48.90582011511292;2.06;1958;1958;0.3;34;2.056725027877174;1958.0950020803862;1183;75;109;140;0.25970030581039766;34.37205504587157
79;13077;Port-de-Bouc;12.16;13.74;1.03;52.22;11.69;3.23;5.35;0.39;32.99;3.3;2.02;4.52;0.33;23.17;3.63;78.12;41.57;29.71;13.750605343359238;7.317110395845411;5.22952489440864;1.42;14.99;17.67;70.22;15.39;1.19;12.52;14.76;58.67;12.86;149.4;26.27;119.69;21.05;73.70275936638672;1.52;1509;1509;0.4;18;1.520455836624663;1509.141162434957;1500;188;1163;0;0.40057482337829164;17.507614001284523
85;13081;Rognac;13.74;13.49;1.99;60.32;6.14;4.55;9.55;1.63;47.56;3.47;1.25;13.42;3.11;41.22;3.52;87.55;61.66;55.89;14.21105632016193;10.008609168488688;9.072026701700175;3.62;9.61;19.42;98.27;18.29;2.43;6.44;13.02;65.86;12.26;205.1;33.26;149.21;24.2;66.7083078096492;1.75;1731;1731;0.3;26;1.7548124206395919;1731.2900284873456;1730;290;253;0;0.2957977088572227;25.84066219614417
106;13007;Auriol;1.91;19.54;5.46;50.76;3.42;0.3;6.47;0.88;39.42;1.7;2.16;19.71;2.52;35.8;1.78;72.21;46.19;57.67;20.542598405096168;13.140321566699791;16.40619928018136;6.34;5.12;19.67;85.06;2.21;5.35;4.32;16.61;71.84;1.87;176.07;50.04;118.4;33.65;49.91088074802267;2.2;2089;2089;0.5;28;2.2013758712677434;2088.9202741067056;1854;693;295;145;0.5388616600790513;27.54469565217393
6;13208;Marseille 8e Arrondissement;38.75;17.67;2.93;185.95;21.59;7.48;5.88;0.72;85.78;5.58;15.32;19.45;1.7;92.88;7.4;242.37;99.14;127.65;21.284234227970277;8.706188807859773;11.209854764205165;3.65;27.17;19.9;244.56;46.23;1.07;7.96;5.83;71.61;13.54;469.16;41.15;341.51;29.95;58.799722199964776;1.51;1447;1447;0.8;26;1.5144741869312048;1446.696544923983;4265;2238;790;0;0.8428907890789098;25.679561956195624
47;13060;Meyreuil;0.67;16.42;2.75;27.28;2.56;0.1;8.3;1.31;21.49;1.71;0.29;22.1;4.95;30.21;2.12;44.37;29.89;52.6;14.79614797337128;9.96747493630984;17.54062166777844;4.06;4.27;20.66;44.5;0.77;5.47;5.75;27.82;59.92;1.04;126.86;42.27;74.26;24.74;57.695755422540444;2.07;2030;2030;0.3;26;2.068930795525171;2030.2069011808576;1218;129;80;70;0.2928067361668006;26.140649558941476
55;84089;Pertuis;3.13;17.19;2.2;85.84;6.19;0.49;6.54;0.31;76.67;1.4;0.69;15.57;1.25;66.33;2.5;106.16;83.7;82.59;15.26316348194243;12.033974975872093;11.874384626729704;2.51;7.59;21.22;154.92;3.62;1.32;4;11.18;81.6;1.91;272.45;39.15;189.86;27.28;60.82847691545577;2.22;1910;1910;0.6;25;2.2205234780618084;1909.8790718555258;3591;520;517;1893;0.5570264390896927;24.83016064257029
92;13026;Châteauneuf-les-Martigues;4.66;23.83;10.56;42.87;3.98;0.7;14.54;5.95;44.26;2.93;1.12;9.2;4.02;26.99;1.88;71.36;59.5;37.31;10.269618205387953;8.562812264862433;5.369386984907855;16.51;6.91;21.86;80.22;5.36;12.62;5.28;16.7;61.3;4.1;168.17;24.18;130.86;18.81;75.79818254484177;1.74;1623;1623;0.3;20;1.7445902204362134;1622.519838909758;2058;161;367;14;0.33408873203932465;20.12427022939249
8;13087;Rousset;0.22;21.2;2.93;21.56;2.01;0.03;7.65;0.62;13.3;0.5;0.09;31.19;1.27;16.69;0.88;42.98;20.98;47.97;13.247602573481817;6.466605444198431;14.785656013260187;3.55;2.51;25.3;32.35;0.25;5.55;3.92;39.56;50.58;0.39;111.93;34.47;63.96;19.7;65.50013596905956;2.08;1986;1986;0.5;23;2.084582761627907;1985.8977193263834;591;48;135;60;0.5479567779960707;23.456385068762277
69;13213;Marseille 13e Arrondissement;16.86;18.42;0.64;314.26;24.41;5.48;8.17;0.13;208.3;10.51;9.33;12.35;0.21;177.04;10.06;349.54;221.95;198.72;20.475853063067298;13.001703917571053;11.640903818426311;0.77;34.92;25.82;487.64;22.34;0.13;6.11;4.52;85.33;3.91;770.21;45.07;571.49;33.44;54.881539200935336;1.25;1285;1285;0.4;33;1.2464151775383197;1284.5305954823095;5748;3613;588;0;0.3519437988590754;32.72939150644415
37;13042;Gémenos;2.04;20.64;2.74;51.62;4.7;0.4;9.74;0.46;39.18;1.66;0.89;18.62;1.55;38.36;1.9;74.3;49.32;57.87;19.683176530287223;13.065602509741131;15.330624842634208;3.2;6.36;27.18;84.44;2.44;2.59;5.14;21.99;68.31;1.97;181.49;48.02;123.62;32.71;51.92059611733744;1.88;1839;1839;0.4;35;1.8756937457417158;1838.553659337256;1934;530;42;150;0.37019390581717465;34.53983933518005
83;13063;Miramas;36.55;16.34;1.44;55.26;11.46;11.62;13.29;0.5;43.4;4.29;2.63;23.08;0.69;42.22;5.33;108.15;68.31;67.93;12.225983102177226;7.722209021819013;7.679251337317606;1.94;15.75;27.69;82.91;48.17;1.1;8.93;15.69;46.99;27.3;244.39;27.61;176.46;19.93;72.37255653868615;1.74;1683;1683;0.4;20;1.7373824183006537;1682.7852058338667;2108;158;546;709;0.4224074963959636;20.451220567035065
103;13041;Gardanne;3.73;23.46;3.55;90.06;11.91;0.73;12.72;1.8;66.38;3.79;3.5;37.59;4.24;92.35;6.9;117.25;79.83;133.44;15.154954825057812;10.318294615644904;17.24756649770332;5.35;15.7;30.83;140.74;4.46;2.71;7.97;15.64;71.41;2.26;330.52;42.68;197.08;25.45;57.279184061593966;1.76;1672;1672;0.5;25;1.7592371093860268;1671.8550861444367;2636;267;188;350;0.45439770554493375;24.887371999150204
63;13212;Marseille 12e Arrondissement;9.81;22.17;0.96;276.05;14.19;3.24;11.58;0.31;150.48;6.26;5.67;19.19;0.55;160.32;5.2;308.03;165.3;185.18;24.064115113528832;12.913671487408095;14.466749461816281;1.27;20.45;32.48;406.08;13.05;0.27;4.32;6.86;85.79;2.76;658.51;51.38;473.33;36.93;48.55546393724679;1.4;1369;1369;0.4;35;1.3983526048132242;1369.2832475002026;6482;735;438;0;0.37157124408093023;35.37520662935862
65;13019;Cabriès;0.15;25.84;0.91;129.96;7.41;0.02;8.04;0.36;77.34;3.08;0.24;17.98;0.85;128.31;4.83;155.95;85.4;146.53;22.262736931241946;12.191328848528773;20.917979112118516;1.27;10.49;32.61;196.81;0.17;0.53;4.35;13.51;81.55;0.07;387.88;55.32;241.35;34.42;44.62795510811077;1.83;1756;1756;0.3;34;1.828024491637002;1755.659589310967;2830;165;259;610;0.2723153555479219;34.249426313981424
14;13214;Marseille 14e Arrondissement;11.41;24.48;2.93;110.58;7.77;2.7;13.16;1.64;65.61;2.93;7.26;22.09;1.78;59.81;2.88;146.47;81.47;89.16;15.255267916808965;8.485332676878722;9.286268092187392;4.57;10.7;33.07;165.49;14.11;2;4.69;14.51;72.6;6.19;317.1;32.99;227.94;23.71;66.97313131412493;1.04;1127;1127;0.5;26;1.039977353710192;1126.9481137548153;1921;1245;391;0;0.5259931235122985;26.385538217402775
86;13210;Marseille 10e Arrondissement;9.19;28.21;3.3;85.5;7.09;2.77;10.03;1.19;39.84;2.25;6;17.49;2.12;55.27;3.44;122.9;52.64;78.76;17.12636423228522;7.335490750101659;10.975365719566996;4.49;9.34;33.75;116;11.96;2.56;5.32;19.23;66.08;6.81;254.3;35.39;175.54;24.43;64.56277929804612;1.22;1249;1249;0.7;22;1.220642160766827;1248.614715437051;1794;1307;1220;0;0.6862266112266115;21.530197505197492
2;13071;Les Pennes-Mirabeau;6.44;24.84;3.72;108.27;6.32;1.35;14.99;1.58;88.5;3.42;1.27;24.61;4.58;68.5;2.27;139.55;104.84;94.38;15.03393064853405;11.294570327426081;10.167698850653125;5.3;9.74;34.53;187.03;7.79;2.17;3.99;14.13;76.53;3.19;338.77;36.46;244.39;26.3;63.50380017338675;1.78;1675;1675;0.3;27;1.7805626721446934;1675.1757210796916;3929;315;527;1038;0.3476719072574248;26.879407654438637
76;13047;Istres;19.77;20.19;1.45;144.8;21.42;5.31;19.88;1.71;108.21;9.51;3.39;21.77;2.71;100.25;10.83;184.76;133.4;125.41;11.385872437121277;8.220802030266174;7.728416661286963;3.16;30.93;36.91;222.08;25.08;0.99;9.72;11.6;69.8;7.88;443.57;27.31;318.16;19.59;72.66490887132558;1.97;1850;1850;0.4;24;1.9724501215128407;1849.877704809834;5214;422;750;3787;0.4163620629975776;23.52941040729205
36;13216;Marseille 16e Arrondissement;3.95;21.42;1.44;43.16;3.41;1.47;19.96;1.15;33.58;1.8;2.85;18.26;0.94;23.78;1.25;68.53;55.01;44.89;10.554866926966405;8.472540925907222;6.913876789019728;2.59;5.21;38.79;71.53;5.42;2.1;4.22;31.4;57.9;4.39;168.43;25.91;123.54;19.01;74.05871535810664;1.27;1314;1314;0.6;20;1.26989714514218;1313.76903992891;945;304;325;0;0.5940046565774153;20.309572176949942
38;13054;Marignane;24.68;23.53;4.55;106.84;12.5;7.34;24.26;3.73;91.78;4.39;4.43;42.09;4.14;76.64;5.94;155.05;123.38;123.16;9.191687331709703;7.314223689044458;7.301181630270023;8.28;16.89;39.51;181.73;32.02;2.97;6.07;14.19;65.27;11.5;401.59;23.78;278.43;16.49;76.19290734897582;1.4;1311;1311;0.3;23;1.3970639875994686;1311.4005669100104;4461;663;372;750;0.34516380196856133;23.106920816806237
1;13014;Berre-l'Étang;4.34;20.5;0.51;29.86;2.89;1.36;26.24;0.53;28.15;1.18;3.36;25.23;0.98;25;1.75;54.7;55.75;53.59;5.24827120490174;5.349014984886143;5.141770637489658;1.04;4.07;45.7;53.94;5.7;0.94;3.68;41.38;48.84;5.16;164.04;15.73;110.45;10.59;84.26094317272246;1.82;1748;1748;0.4;20;1.820622860882573;1748.4129397905758;1539;60;100;345;0.3700993245927692;20.113297576479937
56;13015;Bouc-Bel-Air;1.94;34.41;1.71;131.77;11.81;0.48;13.98;0.7;85.49;4.3;1.08;35.88;1.36;115.76;6.06;168.12;99.95;152.72;21.523872685759454;12.796282863083853;19.55225931816074;2.41;16.11;45.98;201.15;2.42;0.9;6.01;17.15;75.04;0.9;420.79;53.82;268.07;34.29;46.127585132995954;1.88;1756;1756;0.3;35;1.8845452225679882;1756.033128670004;3954;281;344;1790;0.25361961598339355;34.77852880124544
73;13028;La Ciotat;6.09;55.01;16.07;183.09;12.29;3.27;21.2;6.49;126.51;5.04;4.5;27.62;5.84;86.36;3.9;244.19;150.98;118.48;19.614862976106387;12.127654744799303;9.517052153688049;22.56;17.33;53.65;292.27;9.36;5.71;4.39;13.58;73.96;2.37;513.65;41.2;395.17;31.7;58.74043012540626;1.87;1679;1679;0.6;32;1.8674127341314775;1678.8347418669448;5151;1154;494;0;0.5845996955859978;31.566925418569255
32;13117;Vitrolles;22;42.93;6.2;87.56;6.83;5.2;28.87;4.41;73.68;3.51;3.83;26.12;3.87;55.58;3.39;152.49;107.75;85.53;10.262833639316502;7.251756342293614;5.756312946230838;10.61;10.34;61.19;150.9;27.2;4.08;3.97;23.51;57.98;10.45;345.77;23.25;260.24;17.5;76.72909707215905;1.44;1352;1352;0.4;24;1.4380101860697623;1351.5948945789823;3857;773;482;0;0.38232640567101667;24.15517480264218
96;13103;Salon-de-Provence;12.21;52.08;12.77;145.23;19.32;1.48;32.67;9.51;95.03;6.43;2.43;50.98;16.62;101.97;8.12;209.52;129.18;155.38;15.571158864771956;9.600430995376295;11.547569035931016;22.28;25.75;62.47;214.51;13.69;6.58;7.6;18.44;63.33;4.04;494.08;36.7;338.7;25.16;63.28084110392073;1.83;1718;1718;0.5;25;1.8297036067079393;1718.0406853754223;4720;911;0;1032;0.5094041129831541;24.927237363726437
97;13215;Marseille 15e Arrondissement;21.24;54.77;7.79;167;10.26;9.33;30.75;4.28;102.16;4.2;13.14;37.9;3.78;88.22;3.77;243.01;142.24;139.26;17.11304873666875;10.016707346626735;9.8068522573906;12.07;14.46;73.45;254.7;30.57;3.13;3.75;19.07;66.11;7.94;524.51;36.9;385.25;27.1;63.063391659313915;1.04;1119;1119;0.5;24;1.0380208328601044;1118.9410266216928;2971;5627;1623;0;0.5138542873696411;23.945050695249094
18;13005;Aubagne;18.5;74.51;16.42;361.05;16.32;2.73;35.31;6.1;173.84;5.85;5.99;71.45;10.78;279.36;8.38;454.06;211.88;356.8;23.957198508854795;11.17925212539346;18.825548227017112;22.52;22.17;87.3;512.72;21.23;3.38;3.33;13.11;76.99;3.19;1022.74;53.9;665.94;35.09;46.03800113873463;1.5;1446;1446;0.5;32;1.498935928473026;1445.599842552488;5510;1345;720;310;0.5058264462809914;32.100125442739035
20;13211;Marseille 11e Arrondissement;5.38;76.47;11.28;269.61;11.51;1.42;33.47;4.92;163.97;5.23;4.92;72.99;9.34;202.04;5.45;351.46;198.86;279.95;21.47750127988133;12.152210506223188;17.107569803968524;16.2;16.74;93.74;416.84;6.8;2.94;3.04;17.03;75.75;1.24;830.27;50.68;550.32;33.59;49.262718409926954;1.34;1342;1342;0.3;33;1.3394967782322604;1342.2941048906278;5631;1488;391;0;0.3476863515543743;32.520540852883464
100;13001;Aix-en-Provence;37.49;109.37;11;686.34;62.59;5.69;49.5;4.52;353.43;17.49;18.24;140.58;10.06;581.35;37.56;833.2;408.62;740.17;21.61872303345154;10.602307496314173;19.204909058653175;15.52;80.08;143.35;959.69;43.18;1.25;6.45;11.54;77.28;3.48;1981.99;51.39;1241.82;32.2;48.57406041158111;1.79;1700;1700;0.8;32;1.7877309507085835;1700.4256170013614;12499;5283;1146;1650;0.7665329052969495;32.387592295345094
45;13056;Martigues;61.02;108.11;6.68;235.79;18.52;14.09;58.07;3.2;135.65;7.08;5.96;60.86;2.32;100.47;6.39;404.92;207.81;167.29;15.692172371891719;8.053418800263799;6.4831164578034315;9.88;25.6;156.3;345.84;75.11;1.61;4.18;25.51;56.44;12.26;780.02;30.2;612.73;23.72;69.77129237004105;1.77;1707;1707;0.5;25;1.7668837727248692;1706.8500796361907;5883;419;330;380;0.4940285865537346;25.381330862890398
99;13209;Marseille 9e Arrondissement;12.95;131.19;1.18;226.39;18.93;2.44;40.05;0.27;105.98;6.88;8.04;115.61;0.36;125.15;7.7;370.53;148.47;248.8;24.34029369168316;9.753065620608856;16.34379151618161;1.45;25.81;169.79;306.56;15.39;0.28;4.97;32.71;59.07;2.97;767.8;50.37;519;34.05;49.56284917152637;1.56;1516;1516;0.5;31;1.556695297797689;1516.088430342308;4707;698;521;0;0.47022323534035554;30.944178588272273
71;13099;Saint-Paul-lès-Durance;0.79;124.06;2.97;3.42;0.53;0.31;51.72;1.58;2.58;0.17;0.26;448.9;6.55;3.43;0.25;128.27;54.61;452.59;9.534917009741637;4.05942011305832;33.64315965883657;4.55;0.7;171.23;5.3;1.1;2.49;0.38;93.63;2.9;0.6;635.47;47.21;182.88;13.59;52.76250321836348;2.14;1872;1872;0.7;21;2.1392639096385544;1872.0874409638554;129;28;2;102;0.6544097222222223;21.163854166666663
78;13039;Fos-sur-Mer;8.46;229.21;11.27;50.95;4.65;3.42;318.93;18.19;47.34;2.34;5.37;337.15;16.75;33.16;2.4;288.62;369.69;375.68;6.757726105677555;8.655892744813023;8.79614213630706;29.46;6.99;518.68;91.3;11.88;4.48;1.06;78.79;13.87;1.8;1033.99;24.19;658.31;15.4;75.79023901320237;1.91;1799;1799;0.4;18;1.9079529516380656;1798.544736599064;2370;118;659;90;0.35902243589743604;18.25768315018315
